{
  "amount": {
    "mean": 106.24226930387393,
    "std": 235.44750505797722,
    "p25": 18.866450461602838,
    "p75": 97.47447101902726
  },
  "hour": {
    "mean": 13.69725,
    "std": 5.279020690654952,
    "p25": 10.0,
    "p75": 18.0
  },
  "merchant_category": {
    "mean": 2.527,
    "std": 2.1159844866130038,
    "p25": 1.0,
    "p75": 4.0
  },
  "distance_from_home": {
    "mean": 33.5837513625258,
    "std": 100.76185027234224,
    "p25": 3.8244203895798146,
    "p75": 20.656196238419106
  },
  "num_transactions_last_24h": {
    "mean": 3.80225,
    "std": 3.247426886451134,
    "p25": 2.0,
    "p75": 5.0
  }
}